{
  "url": "https://adactinhotelapp.com/HotelAppBuild2/SearchHotel.php",
  "username": "AreebaSimi",
  "password": "arsimi123",
  "LoginValidText": "Welcome to Adactin Group of Hotels",

  "invalidpassword": "Arsimi",
  "invalidlogintext": "Invalid Login details or Your Password might have expired. Click here to reset your password",

  "loc_Text": "Adelaide",
  "hotel_value": "Hotel Creek",
  "room_type": "Super Deluxe",
  "room_count": "3",
  "chkin_date": "16/06/2024",
  "chkout_date": "17/06/2024",
  "adult_count": "4",
  "child_count": "2",
  "searchvalidText": "Select Hotel",

  "invalidchkout_date": "15/06/2024",
  "invalidchkouttext": "Check-Out Date shall be after than Check-In Date",

  "select_hotel_error": "Please Select a Hotel",
  "bookhotelvalidText": "Book A Hotel",

  "Firstname": "Maju",
  "LastName": "University",
  "Billing_add": "MAJU Road, Main Shahrah-e-Faisal, 22-E, Block 6 PECHS, Karachi",
  "cc_no": "1234567891224587",
  "cc_type": "AMEX",
  "exp_month": "12",
  "exp_year": "2027",
  "cvv_no": "345",

  "book_hotel_error": "Please Enter your Credit Card CVV Number",

  "booked_itinerary_text": "Booked Itinerary",
  "search_orderId": "8F32G5T455",
  "booked_searcherror_text": "0 result(s) found. Show all",

  "booking_cancel_text": "Selected booking Are cancelled.",

  "Logout_text": "You have successfully logged out. Click here to login again",
  "LoginAgain_text": "Existing User Login - Build 2"

}
